"Com_no","Doc_date","Doc_no","Bill_no"
"S01","01/14/2025","1","SB796"
"S01","01/14/2025","1","SB806"
"S01","01/14/2025","1","SB857"
"S01","01/14/2025","1","SB911"
"S01","01/14/2025","1","SB923"
"S01","01/14/2025","1","SB933"
"S01","01/14/2025","1","SB958"
"S01","01/14/2025","1","SB969"
"S01","01/21/2025","1","SB794"
"S01","01/21/2025","1","SB806"
"S01","01/21/2025","1","SB890"
"S01","01/21/2025","1","SB929"
"S01","01/21/2025","1","SB958"
"S01","01/21/2025","1","SB969"
"S01","01/21/2025","1","SB973"
"S01","01/21/2025","1","SB990"
"S01","01/21/2025","1","SB1000"
"S01","01/21/2025","1","SB1166"
"S01","01/21/2025","1","SB1338"
"S01","01/21/2025","1","SB1353"
"S01","02/11/2025","1","HB1697"
"S01","02/11/2025","1","HB1798"
"S01","02/11/2025","1","HB1810"
"S01","02/11/2025","1","HB1834"
"S01","02/11/2025","1","HB1837"
"S01","02/11/2025","1","HB1844"
"S01","02/11/2025","1","HB1887"
"S01","02/11/2025","1","HB1941"
"S01","02/11/2025","1","HB1948"
"S01","02/11/2025","1","HB2000"
"S01","02/11/2025","1","HB2008"
"S01","02/11/2025","1","HB2034"
"S01","02/11/2025","1","HB2050"
"S01","02/11/2025","1","HB2170"
"S01","02/11/2025","1","HB2238"
"S01","02/11/2025","1","HB2306"
"S01","02/11/2025","1","HB2313"
"S01","02/11/2025","1","HB2321"
"S01","02/11/2025","1","HB2327"
"S01","02/11/2025","1","HB2516"
"S01","02/11/2025","1","HB2517"
"S01","02/11/2025","1","HB2630"
"S01","02/11/2025","1","HB2638"
"S01","02/11/2025","1","HB2782"
"S02","01/13/2025","1","SB780"
"S02","01/13/2025","1","SB788"
"S02","01/13/2025","1","SB793"
"S02","01/13/2025","1","SB798"
"S02","01/13/2025","1","SB803"
"S02","01/13/2025","1","SB823"
"S02","01/13/2025","1","SB824"
"S02","01/13/2025","1","SB850"
"S02","01/13/2025","1","SB853"
"S02","01/13/2025","1","SB860"
"S02","01/13/2025","1","SB893"
"S02","01/13/2025","1","SB897"
"S02","01/13/2025","1","SB902"
"S02","01/13/2025","1","SB912"
"S02","01/13/2025","1","SB917"
"S02","01/13/2025","1","SB920"
"S02","01/13/2025","1","SB925"
"S02","01/13/2025","1","SB954"
"S02","01/13/2025","1","SB964"
"S02","01/13/2025","1","SB967"
"S02","01/20/2025","1","SB788"
"S02","01/20/2025","1","SB793"
"S02","01/20/2025","1","SB803"
"S02","01/20/2025","1","SB840"
"S02","01/20/2025","1","SB853"
"S02","01/20/2025","1","SB860"
"S02","01/20/2025","1","SB954"
"S02","01/20/2025","1","SB998"
"S02","01/20/2025","1","SB1056"
"S02","01/20/2025","1","SB1057"
"S02","01/20/2025","1","SB1077"
"S02","01/20/2025","1","SB1078"
"S02","01/20/2025","1","SB1103"
"S02","01/20/2025","1","SB1112"
"S02","01/20/2025","1","SB1132"
"S02","01/20/2025","1","SB1154"
"S02","01/20/2025","1","SB1159"
"S02","01/20/2025","1","SB1160"
"S02","01/20/2025","1","SB1168"
"S02","01/20/2025","1","SB1199"
"S02","01/20/2025","1","SB1207"
"S02","01/20/2025","1","SB1208"
"S02","01/20/2025","1","SB1215"
"S02","01/20/2025","1","SB1269"
"S02","01/20/2025","1","SB1276"
"S02","01/20/2025","1","SB1290"
"S02","01/20/2025","1","SB1299"
"S02","01/20/2025","1","SB1301"
"S02","01/20/2025","1","SB1311"
"S02","01/20/2025","1","SB1314"
"S02","01/20/2025","1","SB1332"
"S02","01/20/2025","1","SB1339"
"S02","01/20/2025","1","SB1356"
"S02","01/20/2025","1","SB1359"
"S02","01/20/2025","1","SB1371"
"S02","01/24/2025","1","SB893"
"S02","01/24/2025","1","SB917"
"S02","01/24/2025","1","SB919"
"S02","01/24/2025","1","SB964"
"S02","01/24/2025","1","SB998"
"S02","01/24/2025","1","SB1021"
"S02","01/24/2025","1","SB1022"
"S02","01/24/2025","1","SB1040"
"S02","01/24/2025","1","SB1077"
"S02","01/24/2025","1","SB1091"
"S02","01/24/2025","1","SB1100"
"S02","01/24/2025","1","SB1114"
"S02","01/24/2025","1","SB1190"
"S02","01/24/2025","1","SB1238"
"S02","01/24/2025","1","SB1290"
"S02","01/24/2025","1","SB1332"
"S02","01/24/2025","1","SB1359"
"S02","01/24/2025","1","SB1373"
"S02","01/24/2025","1","SB1394"
"S02","01/24/2025","1","SB1401"
"S02","01/24/2025","1","SB1403"
"S02","01/24/2025","1","SB1434"
"S02","01/24/2025","1","SB1436"
"S02","01/24/2025","1","SB1447"
"S02","01/27/2025","1","SB759"
"S02","01/27/2025","1","SB779"
"S02","01/27/2025","1","SB893"
"S02","01/27/2025","1","SB960"
"S02","01/27/2025","1","SB998"
"S02","01/27/2025","1","SB1022"
"S02","01/27/2025","1","SB1040"
"S02","01/27/2025","1","SB1047"
"S02","01/27/2025","1","SB1049"
"S02","01/27/2025","1","SB1058"
"S02","01/27/2025","1","SB1076"
"S02","01/27/2025","1","SB1077"
"S02","01/27/2025","1","SB1091"
"S02","01/27/2025","1","SB1100"
"S02","01/27/2025","1","SB1192"
"S02","01/27/2025","1","SB1197"
"S02","01/27/2025","1","SB1216"
"S02","01/27/2025","1","SB1218"
"S02","01/27/2025","1","SB1238"
"S02","01/27/2025","1","SB1243"
"S02","01/27/2025","1","SB1252"
"S02","01/27/2025","1","SB1281"
"S02","01/27/2025","1","SB1290"
"S02","01/27/2025","1","SB1316"
"S02","01/27/2025","1","SB1342"
"S02","01/27/2025","1","SB1358"
"S02","01/27/2025","1","SB1359"
"S02","01/27/2025","1","SB1371"
"S02","01/27/2025","1","SB1394"
"S02","01/27/2025","1","SB1403"
"S02","01/27/2025","1","SB1436"
"S02","01/27/2025","1","SB1453"
"S02","01/27/2025","1","SB1485"
"S02","02/03/2025","1","SB893"
"S02","02/03/2025","1","SB1058"
"S02","02/03/2025","1","SB1076"
"S02","02/03/2025","1","SB1077"
"S02","02/03/2025","1","SB1192"
"S02","02/03/2025","1","SB1199"
"S02","02/03/2025","1","SB1290"
"S02","02/03/2025","1","SB1316"
"S02","02/10/2025","1","HB1628"
"S02","02/10/2025","1","HB1639"
"S02","02/10/2025","1","HB1682"
"S02","02/10/2025","1","HB1724"
"S02","02/10/2025","1","HB1766"
"S02","02/10/2025","1","HB1778"
"S02","02/10/2025","1","HB1779"
"S02","02/10/2025","1","HB1791"
"S02","02/10/2025","1","HB1822"
"S02","02/10/2025","1","HB1828"
"S02","02/10/2025","1","HB1883"
"S02","02/10/2025","1","HB1923"
"S02","02/10/2025","1","HB1933"
"S02","02/10/2025","1","HB1934"
"S02","02/10/2025","1","HB1980"
"S02","02/10/2025","1","HB2060"
"S02","02/10/2025","1","HB2083"
"S02","02/10/2025","1","HB2084"
"S02","02/10/2025","1","HB2085"
"S02","02/10/2025","1","HB2097"
"S02","02/10/2025","1","HB2099"
"S02","02/10/2025","1","HB2100"
"S02","02/10/2025","1","HB2258"
"S02","02/10/2025","1","HB2266"
"S02","02/10/2025","1","HB2346"
"S02","02/10/2025","1","HB2356"
"S02","02/10/2025","1","HB2371"
"S02","02/10/2025","1","HB2392"
"S02","02/10/2025","1","HB2401"
"S02","02/10/2025","1","HB2413"
"S02","02/10/2025","1","HB2426"
"S02","02/10/2025","1","HB2525"
"S02","02/10/2025","1","HB2531"
"S02","02/10/2025","1","HB2537"
"S02","02/10/2025","1","HB2619"
"S02","02/10/2025","1","HB2644"
"S04","01/16/2025","1","SB743"
"S04","01/16/2025","1","SB758"
"S04","01/16/2025","1","SB768"
"S04","01/16/2025","1","SB817"
"S04","01/16/2025","1","SB831"
"S04","01/16/2025","1","SB833"
"S04","01/16/2025","1","SB838"
"S04","01/16/2025","1","SB841"
"S04","01/16/2025","1","SB843"
"S04","01/16/2025","1","SB910"
"S04","01/16/2025","1","SB977"
"S04","01/16/2025","1","SB1041"
"S04","01/16/2025","1","SB1278"
"S04","01/23/2025","1","SB738"
"S04","01/23/2025","1","SB740"
"S04","01/23/2025","1","SB742"
"S04","01/23/2025","1","SB745"
"S04","01/23/2025","1","SB749"
"S04","01/23/2025","1","SB752"
"S04","01/23/2025","1","SB753"
"S04","01/23/2025","1","SB755"
"S04","01/23/2025","1","SB756"
"S04","01/23/2025","1","SB767"
"S04","01/23/2025","1","SB771"
"S04","01/23/2025","1","SB784"
"S04","01/23/2025","1","SB790"
"S04","01/23/2025","1","SB791"
"S04","01/23/2025","1","SB792"
"S04","01/23/2025","1","SB797"
"S04","01/23/2025","1","SB820"
"S04","01/23/2025","1","SB821"
"S04","01/23/2025","1","SB829"
"S04","01/23/2025","1","SB855"
"S04","01/23/2025","1","SB859"
"S04","01/23/2025","1","SB875"
"S04","01/23/2025","1","SB905"
"S04","01/23/2025","1","SB907"
"S04","01/23/2025","1","SB908"
"S04","01/23/2025","1","SB953"
"S04","01/23/2025","1","SB955"
"S04","01/23/2025","1","SB968"
"S04","01/23/2025","1","SB978"
"S04","01/23/2025","1","SB979"
"S04","01/23/2025","1","SB981"
"S04","01/23/2025","1","SB1003"
"S04","01/23/2025","1","SB1015"
"S04","01/23/2025","1","SB1017"
"S04","01/23/2025","1","SB1019"
"S04","01/23/2025","1","SB1030"
"S04","01/23/2025","1","SB1031"
"S04","01/23/2025","1","SB1032"
"S04","01/23/2025","1","SB1033"
"S04","01/23/2025","1","SB1034"
"S04","01/23/2025","1","SB1035"
"S04","01/23/2025","1","SB1037"
"S04","01/23/2025","1","SB1038"
"S04","01/23/2025","1","SB1048"
"S04","01/23/2025","1","SB1063"
"S04","01/23/2025","1","SB1064"
"S04","01/23/2025","1","SB1066"
"S04","01/23/2025","1","SB1074"
"S04","01/23/2025","1","SB1079"
"S04","01/23/2025","1","SB1081"
"S04","01/23/2025","1","SB1094"
"S04","01/23/2025","1","SB1098"
"S04","01/23/2025","1","SB1099"
"S04","01/23/2025","1","SB1101"
"S04","01/23/2025","1","SB1104"
"S04","01/23/2025","1","SB1105"
"S04","01/23/2025","1","SB1106"
"S04","01/23/2025","1","SB1124"
"S04","01/23/2025","1","SB1126"
"S04","01/23/2025","1","SB1129"
"S04","01/23/2025","1","SB1130"
"S04","01/23/2025","1","SB1177"
"S04","01/23/2025","1","SB1186"
"S04","01/23/2025","1","SB1217"
"S04","01/23/2025","1","SB1236"
"S04","01/23/2025","1","SB1240"
"S04","01/23/2025","1","SB1253"
"S04","01/23/2025","1","SB1262"
"S04","01/23/2025","1","SB1346"
"S04","01/23/2025","1","SB1370"
"S04","01/23/2025","1","SB1391"
"S04","01/23/2025","1","SB1408"
"S04","01/23/2025","1","SB1413"
"S04","01/23/2025","1","SB1414"
"S04","01/23/2025","1","SB1491"
"S04","01/23/2025","1","SB1493"
"S04","01/28/2025","1","SB739"
"S04","01/28/2025","1","SB786"
"S04","01/28/2025","1","SB822"
"S04","01/28/2025","1","SB826"
"S04","01/28/2025","1","SB879"
"S04","01/28/2025","1","SB882"
"S04","01/28/2025","1","SB898"
"S04","01/28/2025","1","SB915"
"S04","01/28/2025","1","SB961"
"S04","01/28/2025","1","SB1016"
"S04","01/28/2025","1","SB1018"
"S04","01/28/2025","1","SB1031"
"S04","01/28/2025","1","SB1036"
"S04","01/28/2025","1","SB1084"
"S04","01/28/2025","1","SB1102"
"S04","01/28/2025","1","SB1111"
"S04","01/28/2025","1","SB1126"
"S04","01/28/2025","1","SB1135"
"S04","01/28/2025","1","SB1143"
"S04","01/28/2025","1","SB1149"
"S04","01/28/2025","1","SB1152"
"S04","01/28/2025","1","SB1187"
"S04","01/28/2025","1","SB1229"
"S04","01/28/2025","1","SB1230"
"S04","01/28/2025","1","SB1244"
"S04","01/28/2025","1","SB1247"
"S04","01/28/2025","1","SB1257"
"S04","01/28/2025","1","SB1259"
"S04","01/28/2025","1","SB1264"
"S04","01/28/2025","1","SB1284"
"S04","01/28/2025","1","SB1289"
"S04","01/28/2025","1","SB1293"
"S04","01/28/2025","1","SB1303"
"S04","01/28/2025","1","SB1318"
"S04","01/28/2025","1","SB1352"
"S04","01/28/2025","1","SB1354"
"S04","01/28/2025","1","SB1360"
"S04","01/28/2025","1","SB1363"
"S04","01/28/2025","1","SB1366"
"S04","01/28/2025","1","SB1367"
"S04","01/28/2025","1","SB1368"
"S04","01/28/2025","1","SB1377"
"S04","01/28/2025","1","SB1380"
"S04","01/28/2025","1","SB1381"
"S04","01/28/2025","1","SB1382"
"S04","01/28/2025","1","SB1404"
"S04","01/28/2025","1","SB1437"
"S04","01/28/2025","1","SB1438"
"S04","01/28/2025","1","SB1441"
"S04","01/28/2025","1","SB1462"
"S04","01/28/2025","1","SB1475"
"S04","01/28/2025","1","SB1486"
"S04","01/30/2025","1","SB739"
"S04","01/30/2025","1","SB819"
"S04","01/30/2025","1","SB826"
"S04","01/30/2025","1","SB879"
"S04","01/30/2025","1","SB898"
"S04","01/30/2025","1","SB1018"
"S04","01/30/2025","1","SB1036"
"S04","01/30/2025","1","SB1084"
"S04","01/30/2025","1","SB1090"
"S04","01/30/2025","1","SB1126"
"S04","01/30/2025","1","SB1133"
"S04","01/30/2025","1","SB1135"
"S04","01/30/2025","1","SB1143"
"S04","01/30/2025","1","SB1152"
"S04","01/30/2025","1","SB1187"
"S04","01/30/2025","1","SB1203"
"S04","01/30/2025","1","SB1213"
"S04","01/30/2025","1","SB1230"
"S04","01/30/2025","1","SB1234"
"S04","01/30/2025","1","SB1237"
"S04","01/30/2025","1","SB1244"
"S04","01/30/2025","1","SB1257"
"S04","01/30/2025","1","SB1259"
"S04","01/30/2025","1","SB1260"
"S04","01/30/2025","1","SB1279"
"S04","01/30/2025","1","SB1284"
"S04","01/30/2025","1","SB1289"
"S04","01/30/2025","1","SB1294"
"S04","01/30/2025","1","SB1303"
"S04","01/30/2025","1","SB1304"
"S04","01/30/2025","1","SB1318"
"S04","01/30/2025","1","SB1320"
"S04","01/30/2025","1","SB1328"
"S04","01/30/2025","1","SB1347"
"S04","01/30/2025","1","SB1350"
"S04","01/30/2025","1","SB1352"
"S04","01/30/2025","1","SB1360"
"S04","01/30/2025","1","SB1366"
"S04","01/30/2025","1","SB1368"
"S04","01/30/2025","1","SB1377"
"S04","01/30/2025","1","SB1379"
"S04","01/30/2025","1","SB1380"
"S04","01/30/2025","1","SB1381"
"S04","01/30/2025","1","SB1382"
"S04","01/30/2025","1","SB1383"
"S04","01/30/2025","1","SB1384"
"S04","01/30/2025","1","SB1390"
"S04","01/30/2025","1","SB1393"
"S04","01/30/2025","1","SB1404"
"S04","01/30/2025","1","SB1418"
"S04","01/30/2025","1","SB1438"
"S04","01/30/2025","1","SB1439"
"S04","01/30/2025","1","SB1457"
"S04","01/30/2025","1","SB1461"
"S04","01/30/2025","1","SB1462"
"S04","01/30/2025","1","SB1475"
"S04","01/30/2025","1","SB1484"
"S04","01/30/2025","1","SB1486"
"S04","02/06/2025","1","HB1552"
"S04","02/06/2025","1","HB1609"
"S04","02/06/2025","1","HB1614"
"S04","02/06/2025","1","HB1617"
"S04","02/06/2025","1","HB1629"
"S04","02/06/2025","1","HB1637"
"S04","02/06/2025","1","HB1649"
"S04","02/06/2025","1","HB1678"
"S04","02/06/2025","1","HB1806"
"S04","02/06/2025","1","HB1899"
"S04","02/06/2025","1","HB1905"
"S04","02/06/2025","1","HB1930"
"S04","02/06/2025","1","HB1947"
"S04","02/06/2025","1","HB1983"
"S04","02/06/2025","1","HB2018"
"S04","02/06/2025","1","HB2104"
"S04","02/06/2025","1","HB2157"
"S04","02/06/2025","1","HB2454"
"S04","02/06/2025","1","HB2507"
"S04","02/06/2025","1","HB2543"
"S04","02/06/2025","1","HB2754"
"S05","01/15/2025","1","SB874"
"S05","01/15/2025","1","SB1121"
"S05","01/15/2025","1","SB1307"
"S05","01/21/2025","1","SB754"
"S05","01/21/2025","1","SB766"
"S05","01/21/2025","1","SB777"
"S05","01/21/2025","1","SB780"
"S05","01/21/2025","1","SB789"
"S05","01/21/2025","1","SB795"
"S05","01/21/2025","1","SB796"
"S05","01/21/2025","1","SB828"
"S05","01/21/2025","1","SB835"
"S05","01/21/2025","1","SB857"
"S05","01/21/2025","1","SB897"
"S05","01/21/2025","1","SB920"
"S05","01/21/2025","1","SB927"
"S05","01/21/2025","1","SB928"
"S05","01/21/2025","1","SB943"
"S05","01/21/2025","1","SB950"
"S05","01/21/2025","1","SB971"
"S05","01/21/2025","1","SB1065"
"S05","01/21/2025","1","SB1083"
"S05","01/21/2025","1","SB1085"
"S05","01/21/2025","1","SB1088"
"S05","01/21/2025","1","SB1113"
"S05","01/21/2025","1","SB1117"
"S05","01/21/2025","1","SB1122"
"S05","01/21/2025","1","SB1142"
"S05","01/21/2025","1","SB1156"
"S05","01/21/2025","1","SB1179"
"S05","01/21/2025","1","SB1195"
"S05","01/21/2025","1","SB1201"
"S05","01/21/2025","1","SB1224"
"S05","01/21/2025","1","SB1225"
"S05","01/21/2025","1","SB1286"
"S05","01/21/2025","1","SB1292"
"S05","01/21/2025","1","SB1306"
"S05","01/21/2025","1","SB1343"
"S05","01/21/2025","1","SB1396"
"S05","01/22/2025","1","SB747"
"S05","01/22/2025","1","SB757"
"S05","01/22/2025","1","SB785"
"S05","01/22/2025","1","SB830"
"S05","01/22/2025","1","SB842"
"S05","01/22/2025","1","SB848"
"S05","01/22/2025","1","SB861"
"S05","01/22/2025","1","SB880"
"S05","01/22/2025","1","SB881"
"S05","01/22/2025","1","SB883"
"S05","01/22/2025","1","SB886"
"S05","01/22/2025","1","SB891"
"S05","01/22/2025","1","SB926"
"S05","01/22/2025","1","SB941"
"S05","01/22/2025","1","SB1110"
"S05","01/22/2025","1","SB1134"
"S05","01/22/2025","1","SB1181"
"S05","01/22/2025","1","SB1182"
"S05","01/22/2025","1","SB1220"
"S05","01/22/2025","1","SB1248"
"S05","01/22/2025","1","SB1329"
"S05","01/22/2025","1","SB1409"
"S05","01/23/2025","1","SB758"
"S05","01/23/2025","1","SB773"
"S05","01/23/2025","1","SB816"
"S05","01/23/2025","1","SB817"
"S05","01/23/2025","1","SB831"
"S05","01/23/2025","1","SB832"
"S05","01/23/2025","1","SB833"
"S05","01/23/2025","1","SB871"
"S05","01/23/2025","1","SB895"
"S05","01/23/2025","1","SB900"
"S05","01/23/2025","1","SB942"
"S05","01/23/2025","1","SB972"
"S05","01/23/2025","1","SB977"
"S05","01/23/2025","1","SB983"
"S05","01/23/2025","1","SB1001"
"S05","01/23/2025","1","SB1120"
"S05","01/23/2025","1","SB1162"
"S05","01/23/2025","1","SB1172"
"S05","01/23/2025","1","SB1202"
"S05","01/23/2025","1","SB1219"
"S05","01/23/2025","1","SB1232"
"S05","01/23/2025","1","SB1312"
"S05","01/23/2025","1","SB1321"
"S05","01/23/2025","1","SB1336"
"S05","01/23/2025","1","SB1369"
"S05","01/23/2025","1","SB1402"
"S05","01/23/2025","1","SJ253"
"S05","01/28/2025","1","SB741"
"S05","01/28/2025","1","SB763"
"S05","01/28/2025","1","SB782"
"S05","01/28/2025","1","SB810"
"S05","01/28/2025","1","SB845"
"S05","01/28/2025","1","SB864"
"S05","01/28/2025","1","SB865"
"S05","01/28/2025","1","SB876"
"S05","01/28/2025","1","SB889"
"S05","01/28/2025","1","SB904"
"S05","01/28/2025","1","SB920"
"S05","01/28/2025","1","SB948"
"S05","01/28/2025","1","SB951"
"S05","01/28/2025","1","SB958"
"S05","01/28/2025","1","SB962"
"S05","01/28/2025","1","SB963"
"S05","01/28/2025","1","SB970"
"S05","01/28/2025","1","SB982"
"S05","01/28/2025","1","SB985"
"S05","01/28/2025","1","SB990"
"S05","01/28/2025","1","SB996"
"S05","01/28/2025","1","SB999"
"S05","01/28/2025","1","SB1007"
"S05","01/28/2025","1","SB1009"
"S05","01/28/2025","1","SB1014"
"S05","01/28/2025","1","SB1021"
"S05","01/28/2025","1","SB1024"
"S05","01/28/2025","1","SB1029"
"S05","01/28/2025","1","SB1042"
"S05","01/28/2025","1","SB1044"
"S05","01/28/2025","1","SB1056"
"S05","01/28/2025","1","SB1057"
"S05","01/28/2025","1","SB1060"
"S05","01/28/2025","1","SB1061"
"S05","01/28/2025","1","SB1062"
"S05","01/28/2025","1","SB1067"
"S05","01/28/2025","1","SB1069"
"S05","01/28/2025","1","SB1082"
"S05","01/28/2025","1","SB1083"
"S05","01/28/2025","1","SB1088"
"S05","01/28/2025","1","SB1103"
"S05","01/28/2025","1","SB1112"
"S05","01/28/2025","1","SB1137"
"S05","01/28/2025","1","SB1144"
"S05","01/28/2025","1","SB1147"
"S05","01/28/2025","1","SB1156"
"S05","01/28/2025","1","SB1158"
"S05","01/28/2025","1","SB1164"
"S05","01/28/2025","1","SB1178"
"S05","01/28/2025","1","SB1180"
"S05","01/28/2025","1","SB1183"
"S05","01/28/2025","1","SB1189"
"S05","01/28/2025","1","SB1190"
"S05","01/28/2025","1","SB1196"
"S05","01/28/2025","1","SB1200"
"S05","01/28/2025","1","SB1207"
"S05","01/28/2025","1","SB1208"
"S05","01/28/2025","1","SB1223"
"S05","01/28/2025","1","SB1231"
"S05","01/28/2025","1","SB1265"
"S05","01/28/2025","1","SB1269"
"S05","01/28/2025","1","SB1275"
"S05","01/28/2025","1","SB1276"
"S05","01/28/2025","1","SB1287"
"S05","01/28/2025","1","SB1288"
"S05","01/28/2025","1","SB1296"
"S05","01/28/2025","1","SB1299"
"S05","01/28/2025","1","SB1301"
"S05","01/28/2025","1","SB1315"
"S05","01/28/2025","1","SB1322"
"S05","01/28/2025","1","SB1323"
"S05","01/28/2025","1","SB1327"
"S05","01/28/2025","1","SB1376"
"S05","01/28/2025","1","SB1378"
"S05","01/28/2025","1","SB1389"
"S05","01/28/2025","1","SB1410"
"S05","01/28/2025","1","SB1423"
"S05","01/28/2025","1","SB1425"
"S05","01/28/2025","1","SB1426"
"S05","01/28/2025","1","SB1433"
"S05","01/28/2025","1","SB1443"
"S05","01/28/2025","1","SB1450"
"S05","01/28/2025","1","SB1456"
"S05","01/28/2025","1","SB1464"
"S05","01/28/2025","1","SB1467"
"S05","01/28/2025","1","SB1471"
"S05","01/28/2025","1","SB1473"
"S05","01/28/2025","1","SB1488"
"S05","01/28/2025","1","SB1492"
"S05","01/29/2025","1","SB742"
"S05","01/29/2025","1","SB746"
"S05","01/29/2025","1","SB753"
"S05","01/29/2025","1","SB756"
"S05","01/29/2025","1","SB797"
"S05","01/29/2025","1","SB820"
"S05","01/29/2025","1","SB829"
"S05","01/29/2025","1","SB838"
"S05","01/29/2025","1","SB855"
"S05","01/29/2025","1","SB875"
"S05","01/29/2025","1","SB876"
"S05","01/29/2025","1","SB877"
"S05","01/29/2025","1","SB882"
"S05","01/29/2025","1","SB917"
"S05","01/29/2025","1","SB919"
"S05","01/29/2025","1","SB921"
"S05","01/29/2025","1","SB929"
"S05","01/29/2025","1","SB930"
"S05","01/29/2025","1","SB936"
"S05","01/29/2025","1","SB939"
"S05","01/29/2025","1","SB953"
"S05","01/29/2025","1","SB955"
"S05","01/29/2025","1","SB963"
"S05","01/29/2025","1","SB978"
"S05","01/29/2025","1","SB979"
"S05","01/29/2025","1","SB980"
"S05","01/29/2025","1","SB981"
"S05","01/29/2025","1","SB984"
"S05","01/29/2025","1","SB985"
"S05","01/29/2025","1","SB996"
"S05","01/29/2025","1","SB999"
"S05","01/29/2025","1","SB1003"
"S05","01/29/2025","1","SB1009"
"S05","01/29/2025","1","SB1014"
"S05","01/29/2025","1","SB1021"
"S05","01/29/2025","1","SB1029"
"S05","01/29/2025","1","SB1033"
"S05","01/29/2025","1","SB1037"
"S05","01/29/2025","1","SB1041"
"S05","01/29/2025","1","SB1042"
"S05","01/29/2025","1","SB1044"
"S05","01/29/2025","1","SB1060"
"S05","01/29/2025","1","SB1062"
"S05","01/29/2025","1","SB1063"
"S05","01/29/2025","1","SB1069"
"S05","01/29/2025","1","SB1099"
"S05","01/29/2025","1","SB1101"
"S05","01/29/2025","1","SB1106"
"S05","01/29/2025","1","SB1108"
"S05","01/29/2025","1","SB1120"
"S05","01/29/2025","1","SB1129"
"S05","01/29/2025","1","SB1137"
"S05","01/29/2025","1","SB1148"
"S05","01/29/2025","1","SB1186"
"S05","01/29/2025","1","SB1188"
"S05","01/29/2025","1","SB1190"
"S05","01/29/2025","1","SB1200"
"S05","01/29/2025","1","SB1202"
"S05","01/29/2025","1","SB1214"
"S05","01/29/2025","1","SB1217"
"S05","01/29/2025","1","SB1227"
"S05","01/29/2025","1","SB1236"
"S05","01/29/2025","1","SB1246"
"S05","01/29/2025","1","SB1251"
"S05","01/29/2025","1","SB1262"
"S05","01/29/2025","1","SB1270"
"S05","01/29/2025","1","SB1271"
"S05","01/29/2025","1","SB1272"
"S05","01/29/2025","1","SB1273"
"S05","01/29/2025","1","SB1277"
"S05","01/29/2025","1","SB1283"
"S05","01/29/2025","1","SB1326"
"S05","01/29/2025","1","SB1332"
"S05","01/29/2025","1","SB1376"
"S05","01/29/2025","1","SB1414"
"S05","01/29/2025","1","SB1450"
"S05","01/29/2025","1","SB1451"
"S05","01/29/2025","1","SB1465"
"S05","01/29/2025","1","SB1466"
"S05","01/29/2025","1","SB1472"
"S05","01/29/2025","1","SB1474"
"S05","01/29/2025","1","SB1478"
"S05","01/29/2025","1","SB1480"
"S05","01/29/2025","1","SB1483"
"S05","01/30/2025","1","SB786"
"S05","01/30/2025","1","SB822"
"S05","01/30/2025","1","SB923"
"S05","01/30/2025","1","SB960"
"S05","01/30/2025","1","SB961"
"S05","01/30/2025","1","SB998"
"S05","01/30/2025","1","SB1002"
"S05","01/30/2025","1","SB1016"
"S05","01/30/2025","1","SB1031"
"S05","01/30/2025","1","SB1047"
"S05","01/30/2025","1","SB1090"
"S05","01/30/2025","1","SB1102"
"S05","01/30/2025","1","SB1111"
"S05","01/30/2025","1","SB1127"
"S05","01/30/2025","1","SB1151"
"S05","01/30/2025","1","SB1197"
"S05","01/30/2025","1","SB1213"
"S05","01/30/2025","1","SB1214"
"S05","01/30/2025","1","SB1229"
"S05","01/30/2025","1","SB1241"
"S05","01/30/2025","1","SB1242"
"S05","01/30/2025","1","SB1264"
"S05","01/30/2025","1","SB1293"
"S05","01/30/2025","1","SB1294"
"S05","01/30/2025","1","SB1320"
"S05","01/30/2025","1","SB1328"
"S05","01/30/2025","1","SB1335"
"S05","01/30/2025","1","SB1341"
"S05","01/30/2025","1","SB1347"
"S05","01/30/2025","1","SB1353"
"S05","01/30/2025","1","SB1354"
"S05","01/30/2025","1","SB1363"
"S05","01/30/2025","1","SB1367"
"S05","01/30/2025","1","SB1379"
"S05","01/30/2025","1","SB1386"
"S05","01/30/2025","1","SB1387"
"S05","01/30/2025","1","SB1390"
"S05","01/30/2025","1","SB1393"
"S05","01/30/2025","1","SB1424"
"S05","01/30/2025","1","SB1437"
"S05","01/30/2025","1","SB1441"
"S05","01/30/2025","1","SB1448"
"S05","01/30/2025","1","SB1489"
"S05","02/02/2025","1","SB800"
"S05","02/05/2025","1","HB1603"
"S05","02/05/2025","1","HB1676"
"S05","02/05/2025","1","HB1699"
"S05","02/05/2025","1","HB1729"
"S05","02/05/2025","1","HB1997"
"S05","02/05/2025","1","HB2029"
"S05","02/05/2025","1","HB2077"
"S05","02/05/2025","1","HB2179"
"S05","02/05/2025","1","HB2303"
"S05","02/05/2025","1","HB2358"
"S05","02/05/2025","1","HB2359"
"S05","02/05/2025","1","HB2383"
"S05","02/05/2025","1","HB2540"
"S05","02/05/2025","1","HB2595"
"S05","02/05/2025","1","HB2643"
"S07","01/13/2025","1","SB762"
"S07","01/13/2025","1","SB836"
"S07","01/13/2025","1","SB839"
"S07","01/13/2025","1","SB872"
"S07","01/13/2025","1","SB873"
"S07","01/13/2025","1","SB932"
"S07","01/13/2025","1","SB935"
"S07","01/13/2025","1","SB987"
"S07","01/13/2025","1","SB992"
"S07","01/13/2025","1","SB997"
"S07","01/13/2025","1","SB1011"
"S07","01/13/2025","1","SB1150"
"S07","01/13/2025","1","SB1176"
"S07","01/13/2025","1","SB1206"
"S07","01/20/2025","1","SB839"
"S07","01/20/2025","1","SB851"
"S07","01/20/2025","1","SB932"
"S07","01/20/2025","1","SB975"
"S07","01/20/2025","1","SB1087"
"S07","01/20/2025","1","SB1114"
"S07","01/20/2025","1","SB1136"
"S07","01/20/2025","1","SB1171"
"S07","01/20/2025","1","SB1178"
"S07","01/20/2025","1","SB1254"
"S07","01/20/2025","1","SB1256"
"S07","01/20/2025","1","SB1267"
"S07","01/20/2025","1","SB1300"
"S07","01/20/2025","1","SB1305"
"S07","01/20/2025","1","SB1313"
"S07","01/20/2025","1","SB1351"
"S07","01/20/2025","1","SB1422"
"S07","01/27/2025","1","SB899"
"S07","01/27/2025","1","SB932"
"S07","01/27/2025","1","SB974"
"S07","01/27/2025","1","SB1045"
"S07","01/27/2025","1","SB1046"
"S07","01/27/2025","1","SB1136"
"S07","01/27/2025","1","SB1256"
"S07","01/27/2025","1","SB1263"
"S07","01/27/2025","1","SB1429"
"S07","01/27/2025","1","SB1444"
"S07","01/27/2025","1","SB1449"
"S07","01/27/2025","1","SB1476"
"S07","01/27/2025","1","SB1489"
"S07","01/27/2025","1","SB1490"
"S07","02/10/2025","1","HB1601"
"S07","02/10/2025","1","HB1634"
"S07","02/10/2025","1","HB1645"
"S07","02/10/2025","1","HB1659"
"S07","02/10/2025","1","HB1687"
"S07","02/10/2025","1","HB1696"
"S07","02/10/2025","1","HB1756"
"S07","02/10/2025","1","HB1764"
"S07","02/10/2025","1","HB1819"
"S07","02/10/2025","1","HB1827"
"S07","02/10/2025","1","HB1842"
"S07","02/10/2025","1","HB1971"
"S07","02/10/2025","1","HB1990"
"S07","02/10/2025","1","HB1996"
"S07","02/10/2025","1","HB2005"
"S07","02/10/2025","1","HB2012"
"S07","02/10/2025","1","HB2019"
"S07","02/10/2025","1","HB2037"
"S07","02/10/2025","1","HB2054"
"S07","02/10/2025","1","HB2092"
"S07","02/10/2025","1","HB2128"
"S07","02/10/2025","1","HB2137"
"S07","02/10/2025","1","HB2172"
"S07","02/10/2025","1","HB2199"
"S07","02/10/2025","1","HB2330"
"S07","02/10/2025","1","HB2332"
"S07","02/10/2025","1","HB2352"
"S07","02/10/2025","1","HB2533"
"S07","02/10/2025","1","HB2559"
"S07","02/10/2025","1","HB2628"
"S07","02/10/2025","1","HB2641"
"S07","02/10/2025","1","HB2658"
"S07","02/10/2025","1","HB2660"
"S07","02/10/2025","1","HB2664"
"S07","02/10/2025","1","HB2760"
"S07","02/10/2025","1","HB2768"
"S08","01/14/2025","1","SJ247"
"S08","01/14/2025","1","SJ248"
"S08","01/14/2025","1","SJ249"
"S08","01/21/2025","1","SB760"
"S08","01/21/2025","1","SB764"
"S08","01/21/2025","1","SB813"
"S08","01/21/2025","1","SB814"
"S08","01/21/2025","1","SB856"
"S08","01/21/2025","1","SB940"
"S08","01/21/2025","1","SB988"
"S08","01/21/2025","1","SB991"
"S08","01/21/2025","1","SB994"
"S08","01/21/2025","1","SB1009"
"S08","01/21/2025","1","SB1044"
"S08","01/21/2025","1","SB1070"
"S08","01/21/2025","1","SB1072"
"S08","01/21/2025","1","SB1073"
"S08","01/21/2025","1","SB1119"
"S08","01/21/2025","1","SB1174"
"S08","01/21/2025","1","SB1175"
"S08","01/21/2025","1","SB1404"
"S08","01/21/2025","1","SJ270"
"S08","01/21/2025","1","SJ271"
"S08","01/21/2025","1","SJ273"
"S08","01/21/2025","1","SJ274"
"S08","01/21/2025","1","SJ275"
"S08","01/21/2025","1","SJ276"
"S08","01/28/2025","1","HJ1"
"S08","01/28/2025","1","HJ2"
"S08","01/28/2025","1","HJ9"
"S08","01/28/2025","1","SB775"
"S08","01/28/2025","1","SB906"
"S08","01/28/2025","1","SB940"
"S08","01/28/2025","1","SB945"
"S08","01/28/2025","1","SB988"
"S08","01/28/2025","1","SB994"
"S08","01/28/2025","1","SB1002"
"S08","01/28/2025","1","SB1050"
"S08","01/28/2025","1","SB1185"
"S08","01/28/2025","1","SB1454"
"S08","01/28/2025","1","SB1469"
"S09","01/17/2025","1","SB765"
"S09","01/17/2025","1","SB770"
"S09","01/17/2025","1","SB773"
"S09","01/17/2025","1","SB801"
"S09","01/17/2025","1","SB811"
"S09","01/17/2025","1","SB818"
"S09","01/17/2025","1","SB819"
"S09","01/17/2025","1","SB834"
"S09","01/17/2025","1","SB868"
"S09","01/17/2025","1","SB970"
"S09","01/17/2025","1","SB1020"
"S09","01/17/2025","1","SB1071"
"S09","01/17/2025","1","SB1080"
"S09","01/17/2025","1","SB1153"
"S09","01/17/2025","1","SB1409"
"S09","01/17/2025","1","SJ271"
"S09","01/24/2025","1","SB838"
"S09","01/24/2025","1","SB877"
"S09","01/24/2025","1","SB1071"
"S09","01/24/2025","1","SB1080"
"S09","01/24/2025","1","SB1155"
"S09","01/24/2025","1","SB1251"
"S09","01/24/2025","1","SB1273"
"S09","01/24/2025","1","SB1283"
"S09","01/24/2025","1","SB1297"
"S09","01/24/2025","1","SB1372"
"S09","01/24/2025","1","SB1432"
"S09","01/24/2025","1","SB1451"
"S09","01/24/2025","1","SB1480"
"S09","01/24/2025","1","SB1483"
"S09","01/31/2025","1","SB868"
"S09","01/31/2025","1","SB870"
"S09","01/31/2025","1","SB909"
"S09","01/31/2025","1","SB937"
"S09","01/31/2025","1","SB1039"
"S09","01/31/2025","1","SB1054"
"S09","01/31/2025","1","SB1153"
"S09","01/31/2025","1","SB1163"
"S09","01/31/2025","1","SB1406"
"S09","02/07/2025","1","HB1589"
"S09","02/07/2025","1","HB1617"
"S09","02/07/2025","1","HB1703"
"S09","02/07/2025","1","HB1723"
"S09","02/07/2025","1","HB1759"
"S09","02/07/2025","1","HB1894"
"S09","02/07/2025","1","HB1964"
"S09","02/07/2025","1","HB1994"
"S09","02/07/2025","1","HB2033"
"S09","02/07/2025","1","HB2058"
"S09","02/07/2025","1","HB2221"
"S09","02/07/2025","1","HB2235"
"S09","02/07/2025","1","HB2467"
"S09","02/07/2025","1","HB2485"
"S09","02/07/2025","1","HB2597"
"S09","02/07/2025","1","HB2647"
"S10","01/17/2025","1","SB774"
"S10","01/17/2025","1","SB799"
"S10","01/17/2025","1","SB878"
"S10","01/17/2025","1","SB966"
"S10","01/17/2025","1","SB1028"
"S10","01/17/2025","1","SB1120"
"S10","01/17/2025","1","SB1138"
"S10","01/17/2025","1","SB1184"
"S10","01/17/2025","1","SB1219"
"S10","01/17/2025","1","SB1232"
"S10","01/17/2025","1","SB1239"
"S10","01/17/2025","1","SB1325"
"S10","01/17/2025","1","SB1372"
"S10","01/17/2025","1","SJ250"
"S10","01/17/2025","1","SJ253"
"S10","01/17/2025","1","SJ254"
"S10","01/17/2025","1","SJ261"
"S10","01/17/2025","1","SJ264"
"S10","01/24/2025","1","SB930"
"S10","01/24/2025","1","SB944"
"S10","01/24/2025","1","SB949"
"S10","01/24/2025","1","SB980"
"S10","01/24/2025","1","SB995"
"S10","01/24/2025","1","SB1005"
"S10","01/24/2025","1","SB1325"
"S10","01/24/2025","1","SB1326"
"S10","01/24/2025","1","SB1337"
"S10","01/24/2025","1","SB1342"
"S10","01/24/2025","1","SB1374"
"S10","01/24/2025","1","SB1375"
"S10","01/24/2025","1","SB1385"
"S10","01/24/2025","1","SB1391"
"S10","01/24/2025","1","SB1427"
"S10","01/24/2025","1","SB1442"
"S10","01/24/2025","1","SB1465"
"S10","01/24/2025","1","SB1478"
"S10","01/24/2025","1","SB1487"
"S10","01/24/2025","1","SJ251"
"S10","01/24/2025","1","SJ252"
"S10","01/24/2025","1","SJ255"
"S10","01/24/2025","1","SJ258"
"S10","01/24/2025","1","SJ259"
"S10","01/24/2025","1","SJ260"
"S10","01/24/2025","1","SJ262"
"S10","01/24/2025","1","SJ263"
"S10","01/24/2025","1","SJ269"
"S10","01/24/2025","1","SJ278"
"S11","01/16/2025","1","SB741"
"S11","01/16/2025","1","SB750"
"S11","01/16/2025","1","SB779"
"S11","01/16/2025","1","SB847"
"S11","01/16/2025","1","SB852"
"S11","01/16/2025","1","SB919"
"S11","01/16/2025","1","SB947"
"S11","01/16/2025","1","SB948"
"S11","01/16/2025","1","SB959"
"S11","01/16/2025","1","SB1004"
"S11","01/16/2025","1","SB1024"
"S11","01/16/2025","1","SB1061"
"S11","01/16/2025","1","SB1075"
"S11","01/16/2025","1","SB1082"
"S11","01/16/2025","1","SB1086"
"S11","01/16/2025","1","SB1097"
"S11","01/16/2025","1","SB1131"
"S11","01/16/2025","1","SB1144"
"S11","01/16/2025","1","SB1173"
"S11","01/16/2025","1","SB1250"
"S11","01/16/2025","1","SB1265"
"S11","01/16/2025","1","SB1288"
"S11","01/16/2025","1","SB1302"
"S11","01/23/2025","1","SB776"
"S11","01/23/2025","1","SB887"
"S11","01/23/2025","1","SB1007"
"S11","01/23/2025","1","SB1086"
"S11","01/23/2025","1","SB1167"
"S11","01/23/2025","1","SB1209"
"S11","01/23/2025","1","SB1233"
"S11","01/23/2025","1","SB1317"
"S11","01/23/2025","1","SB1340"
"S11","01/23/2025","1","SB1348"
"S11","01/23/2025","1","SB1411"
"S11","01/23/2025","1","SB1416"
"S11","01/23/2025","1","SB1463"
"S11","01/23/2025","1","SB1467"
"S11","01/30/2025","1","SB1075"
"S11","01/30/2025","1","SB1097"
"S11","01/30/2025","1","SB1167"
"S11","01/30/2025","1","SB1308"
"S11","01/30/2025","1","SB1348"
"S11","01/30/2025","1","SB1428"
"S11","01/30/2025","1","SB1445"
"S11","01/30/2025","1","SB1458"
"S11","01/30/2025","1","SB1491"
"S11","02/06/2025","1","HB1722"
"S11","02/06/2025","1","HB1856"
"S11","02/06/2025","1","HB2020"
"S11","02/06/2025","1","HB2022"
"S11","02/06/2025","1","HB2074"
"S11","02/06/2025","1","HB2080"
"S11","02/06/2025","1","HB2096"
"S11","02/06/2025","1","HB2116"
"S11","02/06/2025","1","HB2138"
"S12","01/15/2025","1","SB748"
"S12","01/15/2025","1","SB754"
"S12","01/15/2025","1","SB766"
"S12","01/15/2025","1","SB777"
"S12","01/15/2025","1","SB785"
"S12","01/15/2025","1","SB787"
"S12","01/15/2025","1","SB795"
"S12","01/15/2025","1","SB807"
"S12","01/15/2025","1","SB808"
"S12","01/15/2025","1","SB809"
"S12","01/15/2025","1","SB812"
"S12","01/15/2025","1","SB815"
"S12","01/15/2025","1","SB830"
"S12","01/15/2025","1","SB832"
"S12","01/15/2025","1","SB842"
"S12","01/15/2025","1","SB866"
"S12","01/15/2025","1","SB876"
"S12","01/15/2025","1","SB884"
"S12","01/15/2025","1","SB885"
"S12","01/15/2025","1","SB913"
"S12","01/15/2025","1","SB962"
"S12","01/15/2025","1","SB972"
"S12","01/15/2025","1","SB985"
"S12","01/15/2025","1","SB993"
"S12","01/15/2025","1","SB1014"
"S12","01/15/2025","1","SB1042"
"S12","01/15/2025","1","SB1043"
"S12","01/15/2025","1","SB1055"
"S12","01/15/2025","1","SB1118"
"S12","01/15/2025","1","SB1164"
"S12","01/15/2025","1","SB1178"
"S12","01/15/2025","1","SB1190"
"S12","01/15/2025","1","SB1210"
"S12","01/15/2025","1","SB1221"
"S12","01/15/2025","1","SB1228"
"S12","01/15/2025","1","SB1248"
"S12","01/15/2025","1","SB1251"
"S12","01/15/2025","1","SB1282"
"S12","01/15/2025","1","SB1309"
"S12","01/15/2025","1","SB1310"
"S12","01/22/2025","1","SB827"
"S12","01/22/2025","1","SB862"
"S12","01/22/2025","1","SB863"
"S12","01/22/2025","1","SB864"
"S12","01/22/2025","1","SB867"
"S12","01/22/2025","1","SB889"
"S12","01/22/2025","1","SB922"
"S12","01/22/2025","1","SB934"
"S12","01/22/2025","1","SB962"
"S12","01/22/2025","1","SB982"
"S12","01/22/2025","1","SB985"
"S12","01/22/2025","1","SB989"
"S12","01/22/2025","1","SB996"
"S12","01/22/2025","1","SB1008"
"S12","01/22/2025","1","SB1029"
"S12","01/22/2025","1","SB1052"
"S12","01/22/2025","1","SB1059"
"S12","01/22/2025","1","SB1062"
"S12","01/22/2025","1","SB1089"
"S12","01/22/2025","1","SB1096"
"S12","01/22/2025","1","SB1107"
"S12","01/22/2025","1","SB1137"
"S12","01/22/2025","1","SB1165"
"S12","01/22/2025","1","SB1180"
"S12","01/22/2025","1","SB1188"
"S12","01/22/2025","1","SB1189"
"S12","01/22/2025","1","SB1212"
"S12","01/22/2025","1","SB1222"
"S12","01/22/2025","1","SB1223"
"S12","01/22/2025","1","SB1226"
"S12","01/22/2025","1","SB1231"
"S12","01/22/2025","1","SB1241"
"S12","01/22/2025","1","SB1245"
"S12","01/22/2025","1","SB1275"
"S12","01/22/2025","1","SB1280"
"S12","01/22/2025","1","SB1285"
"S12","01/22/2025","1","SB1287"
"S12","01/22/2025","1","SB1315"
"S12","01/22/2025","1","SB1323"
"S12","01/22/2025","1","SB1362"
"S12","01/22/2025","1","SB1364"
"S12","01/22/2025","1","SB1376"
"S12","01/22/2025","1","SB1388"
"S12","01/22/2025","1","SB1399"
"S12","01/22/2025","1","SB1406"
"S12","01/22/2025","1","SB1407"
"S12","01/22/2025","1","SB1415"
"S12","01/22/2025","1","SB1419"
"S12","01/22/2025","1","SB1468"
"S12","01/22/2025","1","SB1471"
"S12","01/24/2025","1","SB984"
"S12","01/24/2025","1","SB1008"
"S12","01/24/2025","1","SB1128"
"S12","01/24/2025","1","SB1161"
"S12","01/24/2025","1","SB1214"
"S12","01/24/2025","1","SB1246"
"S12","01/24/2025","1","SB1270"
"S12","01/24/2025","1","SB1330"
"S12","01/24/2025","1","SB1399"
"S12","01/24/2025","1","SB1417"
"S12","01/29/2025","1","SB769"
"S12","01/29/2025","1","SB783"
"S12","01/29/2025","1","SB854"
"S12","01/29/2025","1","SB976"
"S12","01/29/2025","1","SB1023"
"S12","01/29/2025","1","SB1136"
"S12","01/29/2025","1","SB1139"
"S12","01/29/2025","1","SB1140"
"S12","01/29/2025","1","SB1170"
"S12","01/29/2025","1","SB1241"
"S12","01/29/2025","1","SB1344"
"S12","01/29/2025","1","SB1349"
"S12","01/29/2025","1","SB1357"
"S12","01/29/2025","1","SB1386"
"S12","01/29/2025","1","SB1387"
"S12","01/29/2025","1","SB1399"
"S12","01/29/2025","1","SB1400"
"S12","01/29/2025","1","SB1424"
"S12","01/29/2025","1","SB1430"
"S12","01/29/2025","1","SB1440"
"S12","01/29/2025","1","SB1452"
"S12","01/29/2025","1","SB1455"
"S12","01/29/2025","1","SB1459"
"S12","01/29/2025","1","SB1468"
"S12","01/29/2025","1","SB1477"
"S12","01/29/2025","1","SB1494"
"S12","02/05/2025","1","HB1567"
"S12","02/05/2025","1","HB1571"
"S12","02/05/2025","1","HB1578"
"S12","02/05/2025","1","HB1602"
"S12","02/05/2025","1","HB1606"
"S12","02/05/2025","1","HB1623"
"S12","02/05/2025","1","HB1632"
"S12","02/05/2025","1","HB1638"
"S12","02/05/2025","1","HB1640"
"S12","02/05/2025","1","HB1653"
"S12","02/05/2025","1","HB1667"
"S12","02/05/2025","1","HB1693"
"S12","02/05/2025","1","HB1704"
"S12","02/05/2025","1","HB1706"
"S12","02/05/2025","1","HB1707"
"S12","02/05/2025","1","HB1718"
"S12","02/05/2025","1","HB1742"
"S12","02/05/2025","1","HB1759"
"S12","02/05/2025","1","HB1799"
"S12","02/05/2025","1","HB1800"
"S12","02/05/2025","1","HB1920"
"S12","02/05/2025","1","HB1992"
"S12","02/05/2025","1","HB2054"
"S12","02/05/2025","1","HB2167"
"S12","02/05/2025","1","HB2350"
"S13","01/13/2025","1","SB744"
"S13","01/13/2025","1","SB747"
"S13","01/13/2025","1","SB757"
"S13","01/13/2025","1","SB761"
"S13","01/13/2025","1","SB778"
"S13","01/13/2025","1","SB781"
"S13","01/13/2025","1","SB804"
"S13","01/13/2025","1","SB805"
"S13","01/13/2025","1","SB825"
"S13","01/13/2025","1","SB844"
"S13","01/15/2025","1","SB778"
"S13","01/15/2025","1","SB846"
"S13","01/15/2025","1","SB861"
"S13","01/15/2025","1","SB888"
"S13","01/15/2025","1","SB892"
"S13","01/15/2025","1","SB904"
"S13","01/15/2025","1","SB926"
"S13","01/15/2025","1","SB931"
"S13","01/15/2025","1","SB946"
"S13","01/15/2025","1","SB952"
"S13","01/15/2025","1","SB965"
"S13","01/15/2025","1","SB986"
"S13","01/15/2025","1","SB999"
"S13","01/15/2025","1","SB1027"
"S13","01/15/2025","1","SB1095"
"S13","01/15/2025","1","SB1115"
"S13","01/15/2025","1","SB1116"
"S13","01/15/2025","1","SB1142"
"S13","01/15/2025","1","SB1195"
"S13","01/15/2025","1","SB1205"
"S13","01/17/2025","1","SB837"
"S13","01/17/2025","1","SB848"
"S13","01/17/2025","1","SB849"
"S13","01/17/2025","1","SB880"
"S13","01/17/2025","1","SB881"
"S13","01/17/2025","1","SB883"
"S13","01/17/2025","1","SB886"
"S13","01/17/2025","1","SB891"
"S13","01/17/2025","1","SB938"
"S13","01/17/2025","1","SB941"
"S13","01/17/2025","1","SB1025"
"S13","01/17/2025","1","SB1109"
"S13","01/17/2025","1","SB1110"
"S13","01/17/2025","1","SB1134"
"S13","01/17/2025","1","SB1181"
"S13","01/17/2025","1","SB1182"
"S13","01/17/2025","1","SB1220"
"S13","01/17/2025","1","SB1329"
"S13","01/20/2025","1","SB894"
"S13","01/20/2025","1","SB901"
"S13","01/20/2025","1","SB904"
"S13","01/20/2025","1","SB914"
"S13","01/20/2025","1","SB918"
"S13","01/20/2025","1","SB931"
"S13","01/20/2025","1","SB1006"
"S13","01/20/2025","1","SB1053"
"S13","01/20/2025","1","SB1060"
"S13","01/20/2025","1","SB1067"
"S13","01/20/2025","1","SB1069"
"S13","01/20/2025","1","SB1145"
"S13","01/20/2025","1","SB1146"
"S13","01/20/2025","1","SB1147"
"S13","01/20/2025","1","SB1157"
"S13","01/20/2025","1","SB1158"
"S13","01/20/2025","1","SB1200"
"S13","01/20/2025","1","SB1255"
"S13","01/20/2025","1","SB1261"
"S13","01/20/2025","1","SB1272"
"S13","01/20/2025","1","SB1345"
"S13","01/20/2025","1","SB1392"
"S13","01/22/2025","1","SB743"
"S13","01/22/2025","1","SB802"
"S13","01/22/2025","1","SB815"
"S13","01/22/2025","1","SB896"
"S13","01/22/2025","1","SB914"
"S13","01/22/2025","1","SB956"
"S13","01/22/2025","1","SB999"
"S13","01/22/2025","1","SB1006"
"S13","01/22/2025","1","SB1012"
"S13","01/22/2025","1","SB1026"
"S13","01/22/2025","1","SB1041"
"S13","01/22/2025","1","SB1092"
"S13","01/22/2025","1","SB1146"
"S13","01/22/2025","1","SB1148"
"S13","01/22/2025","1","SB1158"
"S13","01/22/2025","1","SB1183"
"S13","01/22/2025","1","SB1221"
"S13","01/22/2025","1","SB1249"
"S13","01/22/2025","1","SB1272"
"S13","01/22/2025","1","SB1277"
"S13","01/22/2025","1","SB1291"
"S13","01/22/2025","1","SB1296"
"S13","01/22/2025","1","SB1327"
"S13","01/22/2025","1","SB1331"
"S13","01/22/2025","1","SB1333"
"S13","01/22/2025","1","SB1334"
"S13","01/22/2025","1","SB1389"
"S13","01/22/2025","1","SB1405"
"S13","01/22/2025","1","SB1479"
"S13","01/22/2025","1","SB1492"
"S13","01/22/2025","1","SJ293"
"S13","01/27/2025","1","SB746"
"S13","01/27/2025","1","SB750"
"S13","01/27/2025","1","SB765"
"S13","01/27/2025","1","SB936"
"S13","01/27/2025","1","SB939"
"S13","01/27/2025","1","SB947"
"S13","01/27/2025","1","SB963"
"S13","01/27/2025","1","SB1012"
"S13","01/27/2025","1","SB1108"
"S13","01/27/2025","1","SB1193"
"S13","01/27/2025","1","SB1211"
"S13","01/27/2025","1","SB1227"
"S13","01/27/2025","1","SB1235"
"S13","01/27/2025","1","SB1258"
"S13","01/27/2025","1","SB1271"
"S13","01/27/2025","1","SB1295"
"S13","01/27/2025","1","SB1298"
"S13","01/27/2025","1","SB1324"
"S13","01/27/2025","1","SB1355"
"S13","01/27/2025","1","SB1361"
"S13","01/27/2025","1","SB1397"
"S13","01/27/2025","1","SB1398"
"S13","01/27/2025","1","SB1412"
"S13","01/27/2025","1","SB1420"
"S13","01/27/2025","1","SB1431"
"S13","01/27/2025","1","SB1435"
"S13","01/27/2025","1","SB1446"
"S13","01/27/2025","1","SB1450"
"S13","01/27/2025","1","SB1460"
"S13","01/27/2025","1","SB1466"
"S13","01/29/2025","1","SB750"
"S13","01/29/2025","1","SB751"
"S13","01/29/2025","1","SB765"
"S13","01/29/2025","1","SB772"
"S13","01/29/2025","1","SB802"
"S13","01/29/2025","1","SB847"
"S13","01/29/2025","1","SB869"
"S13","01/29/2025","1","SB924"
"S13","01/29/2025","1","SB957"
"S13","01/29/2025","1","SB1010"
"S13","01/29/2025","1","SB1013"
"S13","01/29/2025","1","SB1068"
"S13","01/29/2025","1","SB1092"
"S13","01/29/2025","1","SB1141"
"S13","01/29/2025","1","SB1155"
"S13","01/29/2025","1","SB1157"
"S13","01/29/2025","1","SB1191"
"S13","01/29/2025","1","SB1193"
"S13","01/29/2025","1","SB1194"
"S13","01/29/2025","1","SB1209"
"S13","01/29/2025","1","SB1211"
"S13","01/29/2025","1","SB1266"
"S13","01/29/2025","1","SB1268"
"S13","01/29/2025","1","SB1274"
"S13","01/29/2025","1","SB1278"
"S13","01/29/2025","1","SB1324"
"S13","01/29/2025","1","SB1333"
"S13","01/29/2025","1","SB1361"
"S13","01/29/2025","1","SB1395"
"S13","01/29/2025","1","SB1411"
"S13","01/29/2025","1","SB1412"
"S13","01/29/2025","1","SB1416"
"S13","01/29/2025","1","SB1420"
"S13","01/29/2025","1","SB1421"
"S13","01/29/2025","1","SB1435"
"S13","01/29/2025","1","SB1470"
"S13","01/29/2025","1","SB1482"
"S13","02/03/2025","1","SB750"
"S13","02/03/2025","1","SB772"
"S13","02/03/2025","1","SB775"
"S13","02/03/2025","1","SB802"
"S13","02/03/2025","1","SB957"
"S13","02/03/2025","1","SB1051"
"S13","02/03/2025","1","SB1141"
"S13","02/03/2025","1","SB1194"
"S13","02/03/2025","1","SB1209"
"S13","02/03/2025","1","SB1211"
"S13","02/03/2025","1","SB1220"
"S13","02/03/2025","1","SB1266"
"S13","02/03/2025","1","SB1268"
"S13","02/03/2025","1","SB1333"
"S13","02/03/2025","1","SB1395"
"S13","02/03/2025","1","SB1411"
"S13","02/03/2025","1","SB1412"
"S13","02/03/2025","1","SB1416"
"S13","02/03/2025","1","SB1470"
"S13","02/03/2025","1","SB1482"
"S13","02/05/2025","1","HB1553"
"S13","02/05/2025","1","HB1568"
"S13","02/05/2025","1","HB1605"
"S13","02/05/2025","1","HB1642"
"S13","02/05/2025","1","HB1661"
"S13","02/05/2025","1","HB1665"
"S13","02/05/2025","1","HB1690"
"S13","02/05/2025","1","HB1700"
"S13","02/05/2025","1","HB1728"
"S13","02/05/2025","1","HB1731"
"S13","02/05/2025","1","HB1734"
"S13","02/05/2025","1","HB1757"
"S13","02/05/2025","1","HB1770"
"S13","02/05/2025","1","HB1781"
"S13","02/05/2025","1","HB1846"
"S13","02/05/2025","1","HB1858"
"S13","02/05/2025","1","HB1871"
"S13","02/05/2025","1","HB1874"
"S13","02/05/2025","1","HB1886"
"S13","02/05/2025","1","HB1912"
"S13","02/05/2025","1","HB1955"
"S13","02/05/2025","1","HB2111"
"S13","02/05/2025","1","HB2217"
"S13","02/10/2025","1","HB1593"
"S13","02/10/2025","1","HB1597"
"S13","02/10/2025","1","HB1608"
"S13","02/10/2025","1","HB1622"
"S13","02/10/2025","1","HB1627"
"S13","02/10/2025","1","HB1630"
"S13","02/10/2025","1","HB1660"
"S13","02/10/2025","1","HB1661"
"S13","02/10/2025","1","HB1665"
"S13","02/10/2025","1","HB1711"
"S13","02/10/2025","1","HB1715"
"S13","02/10/2025","1","HB1726"
"S13","02/10/2025","1","HB1728"
"S13","02/10/2025","1","HB1730"
"S13","02/10/2025","1","HB1733"
"S13","02/10/2025","1","HB1736"
"S13","02/10/2025","1","HB1797"
"S13","02/10/2025","1","HB1815"
"S13","02/10/2025","1","HB1845"
"S13","02/10/2025","1","HB1864"
"S13","02/10/2025","1","HB1869"
"S13","02/10/2025","1","HB1876"
"S13","02/10/2025","1","HB1913"
"S13","02/10/2025","1","HB1946"
"S13","02/10/2025","1","HB1960"
"S13","02/10/2025","1","HB1968"
"S13","02/10/2025","1","HB1977"
"S13","02/10/2025","1","HB2061"
"S13","02/10/2025","1","HB2120"
"S13","02/10/2025","1","HB2124"
"S13","02/10/2025","1","HB2174"
"S13","02/10/2025","1","HB2222"
"S13","02/10/2025","1","HB2236"
"S13","02/10/2025","1","HB2252"
"S13","02/10/2025","1","HB2308"
"S13","02/10/2025","1","HB2351"
"S13","02/10/2025","1","HB2362"
"S13","02/10/2025","1","HB2370"
"S13","02/10/2025","1","HB2393"
"S13","02/10/2025","1","HB2406"
"S13","02/10/2025","1","HB2472"
"S13","02/10/2025","1","HB2555"
"S13","02/10/2025","1","HB2631"
"S13","02/10/2025","1","HB2657"
"S13","02/10/2025","1","HB2723"
"S13","02/10/2025","1","HB2729"
"S13","02/10/2025","1","HB2746"
