"Com_no","Sub_no","Doc_date","Bill_no"
"S01","002","01/20/2026","SB261"
"S01","002","01/20/2026","SB266"
"S01","002","02/03/2026","SB707"
"S01","002","02/03/2026","SB792"
"S01","003","01/21/2026","SB302"
"S01","003","01/28/2026","SB383"
"S01","003","01/28/2026","SB390"
"S01","003","01/28/2026","SB422"
"S01","003","01/28/2026","SB471"
"S01","003","01/28/2026","SB770"
"S01","104","01/27/2026","SB138"
"S01","104","01/27/2026","SB197"
"S01","104","01/27/2026","SB386"
"S01","104","01/27/2026","SB453"
"S01","104","01/27/2026","SB617"
"S01","104","02/03/2026","SB386"
"S01","104","02/03/2026","SB453"
"S01","104","02/03/2026","SB499"
"S01","104","02/03/2026","SB521"
"S01","104","02/03/2026","SB553"
"S01","104","02/03/2026","SB617"
"S01","104","02/03/2026","SB784"
"S04","001","01/15/2026","SB4"
"S04","001","01/15/2026","SB19"
"S04","001","01/15/2026","SB20"
"S04","001","01/15/2026","SB33"
"S04","001","01/15/2026","SB39"
"S04","001","01/15/2026","SB42"
"S04","001","01/15/2026","SB61"
"S04","001","01/15/2026","SB63"
"S04","001","01/15/2026","SB90"
"S04","001","01/15/2026","SB102"
"S04","001","01/15/2026","SB105"
"S04","001","01/15/2026","SB108"
"S04","001","01/15/2026","SB109"
"S04","001","01/15/2026","SB110"
"S04","001","01/15/2026","SB117"
"S04","001","01/15/2026","SB119"
"S04","001","01/15/2026","SB134"
"S04","001","01/15/2026","SB147"
"S04","001","01/15/2026","SB151"
"S04","001","01/15/2026","SB174"
"S04","001","01/15/2026","SB190"
"S04","001","01/15/2026","SB203"
"S04","001","01/22/2026","SB33"
"S04","001","01/22/2026","SB61"
"S04","001","01/22/2026","SB63"
"S04","001","01/22/2026","SB90"
"S04","001","01/22/2026","SB119"
"S04","001","01/22/2026","SB122"
"S04","001","01/22/2026","SB190"
"S04","001","01/22/2026","SB234"
"S04","001","01/22/2026","SB259"
"S04","001","01/22/2026","SB264"
"S04","001","01/22/2026","SB265"
"S04","001","01/22/2026","SB295"
"S04","001","01/22/2026","SB309"
"S04","001","01/22/2026","SB341"
"S04","001","01/22/2026","SB427"
"S04","001","01/22/2026","SB439"
"S04","001","01/22/2026","SB450"
"S04","001","01/22/2026","SB491"
"S04","001","01/22/2026","SB560"
"S04","001","01/22/2026","SB561"
"S04","001","01/22/2026","SB592"
"S04","001","01/22/2026","SB678"
"S04","001","01/22/2026","SB685"
"S04","001","01/22/2026","SB703"
"S04","001","01/29/2026","SB16"
"S04","001","01/29/2026","SB73"
"S04","001","01/29/2026","SB122"
"S04","001","01/29/2026","SB147"
"S04","001","01/29/2026","SB200"
"S04","001","01/29/2026","SB203"
"S04","001","01/29/2026","SB213"
"S04","001","01/29/2026","SB217"
"S04","001","01/29/2026","SB238"
"S04","001","01/29/2026","SB264"
"S04","001","01/29/2026","SB284"
"S04","001","01/29/2026","SB529"
"S04","001","01/29/2026","SB656"
"S04","001","01/29/2026","SB692"
"S04","001","01/29/2026","SB695"
"S04","001","01/29/2026","SB724"
"S04","001","01/29/2026","SB757"
"S04","001","01/29/2026","SB785"
"S04","001","02/05/2026","SB16"
"S04","001","02/05/2026","SB200"
"S04","001","02/05/2026","SB220"
"S04","001","02/05/2026","SB394"
"S04","001","02/05/2026","SB511"
"S04","001","02/05/2026","SB563"
"S04","001","02/05/2026","SB568"
"S04","001","02/05/2026","SB576"
"S04","001","02/05/2026","SB603"
"S04","001","02/05/2026","SB639"
"S04","001","02/05/2026","SB733"
"S04","001","02/05/2026","SB815"
"S04","001","02/05/2026","SB817"
"S04","001","02/05/2026","SB820"
"S04","001","02/05/2026","SB822"
"S04","001","02/05/2026","SB824"
"S04","001","02/19/2026","HB38"
"S04","001","02/19/2026","HB139"
"S04","001","02/19/2026","HB171"
"S04","001","02/19/2026","HB206"
"S04","001","02/19/2026","HB210"
"S04","001","02/19/2026","HB211"
"S04","001","02/19/2026","HB258"
"S04","001","02/19/2026","HB288"
"S04","001","02/19/2026","HB290"
"S04","001","02/19/2026","HB333"
"S04","001","02/19/2026","HB355"
"S04","001","02/19/2026","HB382"
"S04","001","02/19/2026","HB462"
"S04","001","02/19/2026","HB478"
"S04","001","02/19/2026","HB592"
"S04","001","02/19/2026","HB643"
"S04","001","02/19/2026","HB647"
"S04","001","02/19/2026","HB653"
"S04","001","02/19/2026","HB832"
"S04","001","02/19/2026","HB849"
"S04","001","02/19/2026","HB859"
"S04","001","02/19/2026","HB877"
"S04","001","02/19/2026","HB924"
"S04","001","02/19/2026","HB957"
"S04","001","02/19/2026","HB1037"
"S04","001","02/19/2026","HB1071"
"S04","001","02/19/2026","HB1095"
"S04","001","02/19/2026","HB1113"
"S04","001","02/19/2026","HB1165"
"S04","001","02/19/2026","HB1367"
"S04","001","02/19/2026","HB1486"
"S04","002","01/20/2026","SB71"
"S04","002","01/20/2026","SB101"
"S04","002","01/20/2026","SB114"
"S04","002","01/20/2026","SB131"
"S04","002","01/20/2026","SB168"
"S04","002","01/20/2026","SB171"
"S04","002","01/20/2026","SB183"
"S04","002","01/20/2026","SB207"
"S04","002","01/20/2026","SB247"
"S04","002","01/20/2026","SB278"
"S04","002","01/20/2026","SB291"
"S04","002","01/27/2026","SB131"
"S04","002","01/27/2026","SB168"
"S04","002","01/27/2026","SB183"
"S04","002","01/27/2026","SB239"
"S04","002","01/27/2026","SB241"
"S04","002","01/27/2026","SB248"
"S04","002","01/27/2026","SB278"
"S04","002","01/27/2026","SB308"
"S04","002","01/27/2026","SB362"
"S04","002","01/27/2026","SB392"
"S04","002","01/27/2026","SB486"
"S04","002","01/27/2026","SB524"
"S04","002","01/27/2026","SB534"
"S04","002","01/27/2026","SB596"
"S04","002","01/27/2026","SB633"
"S04","002","01/27/2026","SB683"
"S04","002","01/27/2026","SB706"
"S04","002","02/03/2026","SB239"
"S04","002","02/03/2026","SB244"
"S04","002","02/03/2026","SB332"
"S04","002","02/03/2026","SB357"
"S04","002","02/03/2026","SB359"
"S04","002","02/03/2026","SB483"
"S04","002","02/03/2026","SB524"
"S04","002","02/03/2026","SB534"
"S04","002","02/03/2026","SB596"
"S04","002","02/03/2026","SB677"
"S04","002","02/03/2026","SB721"
"S04","002","02/03/2026","SB736"
"S04","002","02/03/2026","SB740"
"S04","002","02/03/2026","SB808"
"S04","002","02/03/2026","SB813"
"S04","003","01/19/2026","SB91"
"S04","003","01/19/2026","SB97"
"S04","003","01/19/2026","SB167"
"S04","003","01/19/2026","SB231"
"S04","003","01/19/2026","SB242"
"S04","003","01/19/2026","SB274"
"S04","003","02/02/2026","SB92"
"S04","003","02/02/2026","SB375"
"S04","003","02/02/2026","SB405"
"S04","003","02/02/2026","SB456"
"S04","003","02/02/2026","SB625"
"S04","003","02/09/2026","SB299"
"S04","003","02/09/2026","SB381"
"S04","003","02/09/2026","SB494"
"S04","003","02/09/2026","SB773"
"S04","003","02/23/2026","HB131"
"S04","003","02/23/2026","HB382"
"S04","003","02/23/2026","HB401"
"S04","003","02/23/2026","HB404"
"S04","003","02/23/2026","HB414"
"S04","003","02/23/2026","HB427"
"S04","003","02/23/2026","HB468"
"S04","003","02/23/2026","HB502"
"S04","003","02/23/2026","HB706"
"S04","003","02/23/2026","HB955"
"S04","003","02/23/2026","HB1108"
"S04","004","01/23/2026","SB22"
"S04","004","01/23/2026","SB156"
"S04","004","01/23/2026","SB194"
"S04","004","01/23/2026","SB210"
"S04","004","01/23/2026","SB212"
"S04","004","01/23/2026","SB292"
"S04","004","01/30/2026","SB178"
"S04","004","01/30/2026","SB282"
"S04","004","01/30/2026","SB331"
"S04","004","01/30/2026","SB374"
"S04","004","01/30/2026","SB379"
"S04","004","01/30/2026","SB411"
"S04","004","01/30/2026","SB418"
"S04","004","01/30/2026","SB421"
"S04","004","01/30/2026","SB429"
"S04","004","01/30/2026","SB535"
"S04","004","01/30/2026","SB641"
"S04","004","02/06/2026","SB292"
"S04","004","02/06/2026","SB545"
"S04","004","02/06/2026","SB548"
"S04","004","02/06/2026","SB555"
"S04","004","02/06/2026","SB708"
"S04","004","02/06/2026","SB728"
"S04","004","02/06/2026","SB738"
"S04","004","02/06/2026","SB795"
"S04","004","02/06/2026","SB811"
"S04","004","02/20/2026","HB232"
"S04","004","02/20/2026","HB452"
"S04","004","02/20/2026","HB465"
"S04","004","02/20/2026","HB469"
"S04","004","02/20/2026","HB573"
"S04","004","02/20/2026","HB574"
"S04","004","02/20/2026","HB575"
"S04","004","02/20/2026","HB579"
"S04","004","02/20/2026","HB1139"
"S04","004","02/20/2026","HB1285"
"S12","001","01/23/2026","SB118"
"S12","001","01/23/2026","SB129"
"S12","001","01/23/2026","SB159"
"S12","001","01/23/2026","SB195"
"S12","001","01/23/2026","SB558"
"S12","001","01/23/2026","SB604"
"S12","001","01/23/2026","SB661"
"S12","001","01/23/2026","SB701"
"S12","001","01/23/2026","SB756"
"S12","001","01/23/2026","SB765"
"S12","002","01/21/2026","SB5"
"S12","002","01/21/2026","SB48"
"S12","002","01/21/2026","SB273"
"S12","002","01/21/2026","SB290"
"S12","002","01/21/2026","SB294"
"S12","002","01/21/2026","SB313"
"S12","002","01/21/2026","SB325"
"S12","002","01/21/2026","SB349"
"S12","002","01/21/2026","SB367"
"S12","002","01/21/2026","SB373"
"S12","002","01/21/2026","SB402"
"S12","002","01/21/2026","SB490"
"S12","002","01/21/2026","SB566"
"S12","002","01/21/2026","SB577"
"S12","002","01/21/2026","SB585"
"S12","002","01/28/2026","SB5"
"S12","002","01/28/2026","SB273"
"S12","002","01/28/2026","SB294"
"S12","002","01/28/2026","SB313"
"S12","002","01/28/2026","SB349"
"S12","002","01/28/2026","SB373"
"S12","002","01/28/2026","SB490"
"S12","002","01/28/2026","SB547"
"S12","002","01/28/2026","SB585"
"S12","002","01/28/2026","SB628"
"S12","002","01/28/2026","SB629"
"S12","002","01/28/2026","SB665"
"S12","002","01/28/2026","SB666"
"S12","002","01/28/2026","SB803"
